id,sort,name,name_en,id&name_en,file,rarity,attr,type
1,1,スライム火,slime1,c0001_slime1,c0001_slime1.png,N,火,サポート
2,2,スライム水,slime2,c0002_slime2,c0002_slime2.png,N,水,サポート
3,3,スライム風,slime3,c0003_slime3,c0003_slime3.png,N,風,デバッファー
4,4,スライム光,slime4,c0004_slime4,c0004_slime4.png,N,光,デバッファー
5,5,スライム闇,slime5,c0005_slime5,c0005_slime5.png,N,闇,アタッカー
6,6,とびめだま火,tobimedama1,c0006_tobimedama1,c0006_tobimedama1.png,N,火,デバッファー
7,7,とびめだま水,tobimedama2,c0007_tobimedama2,c0007_tobimedama2.png,N,水,アタッカー
8,8,とびめだま風,tobimedama3,c0008_tobimedama3,c0008_tobimedama3.png,N,風,デバッファー
9,9,とびめだま光,tobimedama4,c0009_tobimedama4,c0009_tobimedama4.png,N,光,ヒーラー
10,10,とびめだま闇,tobimedama5,c0010_tobimedama5,c0010_tobimedama5.png,N,闇,デバッファー
11,11,デク火,deku1,c0011_deku1,c0011_deku1.png,N,火,アタッカー
12,12,デク水,deku2,c0012_deku2,c0012_deku2.png,N,水,ヒーラー
13,13,デク風,deku3,c0013_deku3,c0013_deku3.png,N,風,サポート
14,14,デク光,deku4,c0014_deku4,c0014_deku4.png,N,光,アタッカー
15,15,デク闇,deku5,c0015_deku5,c0015_deku5.png,N,闇,デバッファー
16,16,ハンター火,hunter1,c0016_hunter1,c0016_hunter1.png,R,火,デバッファー
17,17,ハンター水,hunter2,c0017_hunter2,c0017_hunter2.png,R,水,アタッカー
18,18,ハンター風,hunter3,c0018_hunter3,c0018_hunter3.png,R,風,サポート
19,19,ハンター光,hunter4,c0019_hunter4,c0019_hunter4.png,R,光,デバッファー
20,20,ハンター闇,hunter5,c0020_hunter5,c0020_hunter5.png,R,闇,アタッカー
21,21,かにおとこ火,kaniotoko1,c0021_kaniotoko1,c0021_kaniotoko1.png,R,火,サポート
22,22,かにおとこ水,kaniotoko2,c0022_kaniotoko2,c0022_kaniotoko2.png,R,水,アタッカー
23,23,かにおとこ風,kaniotoko3,c0023_kaniotoko3,c0023_kaniotoko3.png,R,風,サポート
24,24,かにおとこ光,kaniotoko4,c0024_kaniotoko4,c0024_kaniotoko4.png,R,光,アタッカー
25,25,かにおとこ闇,kaniotoko5,c0025_kaniotoko5,c0025_kaniotoko5.png,R,闇,デバッファー
26,26,ひとくいばな火,hitokuibana1,c0026_hitokuibana1,c0026_hitokuibana1.png,R,火,アタッカー
27,27,ひとくいばな水,hitokuibana2,c0027_hitokuibana2,c0027_hitokuibana2.png,R,水,ヒーラー
28,28,ひとくいばな風,hitokuibana3,c0028_hitokuibana3,c0028_hitokuibana3.png,R,風,サポート
29,29,ひとくいばな光,hitokuibana4,c0029_hitokuibana4,c0029_hitokuibana4.png,R,光,アタッカー
30,30,ひとくいばな闇,hitokuibana5,c0030_hitokuibana5,c0030_hitokuibana5.png,R,闇,ヒーラー
31,31,ゴブリン火,goblin1,c0031_goblin1,c0031_goblin1.png,R,火,アタッカー
32,32,ゴブリン水,goblin2,c0032_goblin2,c0032_goblin2.png,R,水,デバッファー
33,33,ゴブリン風,goblin3,c0033_goblin3,c0033_goblin3.png,R,風,アタッカー
34,34,ゴブリン光,goblin4,c0034_goblin4,c0034_goblin4.png,R,光,アタッカー
35,35,ゴブリン闇,goblin5,c0035_goblin5,c0035_goblin5.png,R,闇,デバッファー
36,36,マッシュ火,mash1,c0036_mash1,c0036_mash1.png,R,火,デバッファー
37,37,マッシュ水,mash2,c0037_mash2,c0037_mash2.png,R,水,アタッカー
38,38,マッシュ風,mash3,c0038_mash3,c0038_mash3.png,R,風,デバッファー
39,39,マッシュ光,mash4,c0039_mash4,c0039_mash4.png,R,光,タンク
40,40,マッシュ闇,mash5,c0040_mash5,c0040_mash5.png,R,闇,サポート
41,41,オーク火,orc1,c0041_orc1,c0041_orc1.png,R,火,デバッファー
42,42,オーク水,orc2,c0042_orc2,c0042_orc2.png,R,水,アタッカー
43,43,オーク風,orc3,c0043_orc3,c0043_orc3.png,R,風,アタッカー
44,44,オーク光,orc4,c0044_orc4,c0044_orc4.png,R,光,サポート
45,45,オーク闇,orc5,c0045_orc5,c0045_orc5.png,R,闇,サポート
46,46,ミミック火,mimic1,c0046_mimic1,c0046_mimic1.png,R,火,サポート
47,47,ミミック水,mimic2,c0047_mimic2,c0047_mimic2.png,R,水,アタッカー
48,48,ミミック風,mimic3,c0048_mimic3,c0048_mimic3.png,R,風,ヒーラー
49,49,ミミック光,mimic4,c0049_mimic4,c0049_mimic4.png,R,光,アタッカー
50,50,ミミック闇,mimic5,c0050_mimic5,c0050_mimic5.png,R,闇,デバッファー
51,51,ウルフ火,wolf1,c0051_wolf1,c0051_wolf1.png,R,火,アタッカー
52,52,ウルフ水,wolf2,c0052_wolf2,c0052_wolf2.png,R,水,アタッカー
53,53,ウルフ風,wolf3,c0053_wolf3,c0053_wolf3.png,R,風,サポート
54,54,ウルフ光,wolf4,c0054_wolf4,c0054_wolf4.png,R,光,サポート
55,55,ウルフ闇,wolf5,c0055_wolf5,c0055_wolf5.png,R,闇,アタッカー
56,56,ツボ火,tsubo1,c0056_tsubo1,c0056_tsubo1.png,R,火,サポート
57,57,ツボ水,tsubo2,c0057_tsubo2,c0057_tsubo2.png,R,水,アタッカー
58,58,ツボ風,tsubo3,c0058_tsubo3,c0058_tsubo3.png,R,風,サポート
59,59,ツボ光,tsubo4,c0059_tsubo4,c0059_tsubo4.png,R,光,サポート
60,60,ツボ闇,tsubo5,c0060_tsubo5,c0060_tsubo5.png,R,闇,アタッカー
61,61,クマ火,kuma1,c0061_kuma1,c0061_kuma1.png,R,火,サポート
62,62,クマ水,kuma2,c0062_kuma2,c0062_kuma2.png,R,水,アタッカー
63,63,クマ風,kuma3,c0063_kuma3,c0063_kuma3.png,R,風,アタッカー
64,64,クマ光,kuma4,c0064_kuma4,c0064_kuma4.png,R,光,サポート
65,65,クマ闇,kuma5,c0065_kuma5,c0065_kuma5.png,R,闇,アタッカー
66,66,オニ火,oni1,c0066_oni1,c0066_oni1.png,R,火,アタッカー
67,67,オニ水,oni2,c0067_oni2,c0067_oni2.png,R,水,アタッカー
68,68,オニ風,oni3,c0068_oni3,c0068_oni3.png,R,風,デバッファー
69,69,オニ光,oni4,c0069_oni4,c0069_oni4.png,R,光,サポート
70,70,オニ闇,oni5,c0070_oni5,c0070_oni5.png,R,闇,アタッカー
71,77,トマトマン水,tomatoman2,c0071_tomatoman2,c0071_tomatoman2.png,SR,水,アタッカー
72,79,トマトマン光,tomatoman4,c0072_tomatoman4,c0072_tomatoman4.png,SR,光,サポート
73,80,トマトマン闇,tomatoman5,c0073_tomatoman5,c0073_tomatoman5.png,SR,闇,サポート
74,76,トマトマン火,tomatoman1,c0074_tomatoman1,c0074_tomatoman1.png,SR,火,サポート
75,78,トマトマン風,tomatoman3,c0075_tomatoman3,c0075_tomatoman3.png,SR,風,デバッファー
76,81,ペンガンナー火,pengunner1,c0076_pengunner1,c0076_pengunner1.png,SR,火,サポート
77,82,ペンガンナー水,pengunner2,c0077_pengunner2,c0077_pengunner2.png,SR,水,アタッカー
78,83,ペンガンナー風,pengunner3,c0078_pengunner3,c0078_pengunner3.png,SR,風,アタッカー
79,84,ペンガンナー光,pengunner4,c0079_pengunner4,c0079_pengunner4.png,SR,光,アタッカー
80,85,ペンガンナー闇,pengunner5,c0080_pengunner5,c0080_pengunner5.png,SR,闇,アタッカー
81,86,キャノンぼうや火,canonbouya1,c0081_canonbouya1,c0081_canonbouya1.png,SR,火,アタッカー
82,87,キャノンぼうや水,canonbouya2,c0082_canonbouya2,c0082_canonbouya2.png,SR,水,デバッファー
83,88,キャノンぼうや風,canonbouya3,c0083_canonbouya3,c0083_canonbouya3.png,SR,風,サポート
84,89,キャノンぼうや光,canonbouya4,c0084_canonbouya4,c0084_canonbouya4.png,SR,光,デバッファー
85,90,キャノンぼうや闇,canonbouya5,c0085_canonbouya5,c0085_canonbouya5.png,SR,闇,アタッカー
86,91,リザードマン火,lizardman1,c0086_lizardman1,c0086_lizardman1.png,SR,火,デバッファー
87,92,リザードマン水,lizardman2,c0087_lizardman2,c0087_lizardman2.png,SR,水,アタッカー
88,93,リザードマン風,lizardman3,c0088_lizardman3,c0088_lizardman3.png,SR,風,アタッカー
89,94,リザードマン光,lizardman4,c0089_lizardman4,c0089_lizardman4.png,SR,光,アタッカー
90,95,リザードマン闇,lizardman5,c0090_lizardman5,c0090_lizardman5.png,SR,闇,デバッファー
91,98,サムライ風,samurai3,c0091_samurai3,c0091_samurai3.png,SR,風,アタッカー
92,99,サムライ光,samurai4,c0092_samurai4,c0092_samurai4.png,SR,光,アタッカー
93,96,サムライ火,samurai1,c0093_samurai1,c0093_samurai1.png,SR,火,デバッファー
94,100,サムライ闇,samurai5,c0094_samurai5,c0094_samurai5.png,SR,闇,アタッカー
95,97,サムライ水,samurai2,c0095_samurai2,c0095_samurai2.png,SR,水,アタッカー
96,103,くすりつかい風,kusuritsukai3,c0096_kusuritsukai3,c0096_kusuritsukai3.png,SR,風,サポート
97,104,くすりつかい光,kusuritsukai4,c0097_kusuritsukai4,c0097_kusuritsukai4.png,SR,光,アタッカー
98,101,くすりつかい火,kusuritsukai1,c0098_kusuritsukai1,c0098_kusuritsukai1.png,SR,火,ヒーラー
99,102,くすりつかい水,kusuritsukai2,c0099_kusuritsukai2,c0099_kusuritsukai2.png,SR,水,サポート
100,105,くすりつかい闇,kusuritsukai5,c0100_kusuritsukai5,c0100_kusuritsukai5.png,SR,闇,アタッカー
101,106,マタギ火,matagi1,c0101_matagi1,c0101_matagi1.png,SR,火,アタッカー
102,107,マタギ水,matagi2,c0102_matagi2,c0102_matagi2.png,SR,水,アタッカー
103,108,マタギ風,matagi3,c0103_matagi3,c0103_matagi3.png,SR,風,アタッカー
104,109,マタギ光,matagi4,c0104_matagi4,c0104_matagi4.png,SR,光,アタッカー
105,110,マタギ闇,matagi5,c0105_matagi5,c0105_matagi5.png,SR,闇,サポート
106,111,まどうし火,madoushi1,c0106_madoushi1,c0106_madoushi1.png,SR,火,ヒーラー
107,112,まどうし水,madoushi2,c0107_madoushi2,c0107_madoushi2.png,SR,水,サポート
108,113,まどうし風,madoushi3,c0108_madoushi3,c0108_madoushi3.png,SR,風,アタッカー
109,114,まどうし光,madoushi4,c0109_madoushi4,c0109_madoushi4.png,SR,光,ヒーラー
110,115,まどうし闇,madoushi5,c0110_madoushi5,c0110_madoushi5.png,SR,闇,ヒーラー
111,116,ゴーレム火,golem1,c0111_golem1,c0111_golem1.png,SR,火,タンク
112,119,ゴーレム光,golem4,c0112_golem4,c0112_golem4.png,SR,光,サポート
113,117,ゴーレム水,golem2,c0113_golem2,c0113_golem2.png,SR,水,アタッカー
114,120,ゴーレム闇,golem5,c0114_golem5,c0114_golem5.png,SR,闇,アタッカー
115,118,ゴーレム風,golem3,c0115_golem3,c0115_golem3.png,SR,風,タンク
116,122,半魚人水,hangyojin2,c0116_hangyojin2,c0116_hangyojin2.png,SR,水,サポート
117,123,半魚人風,hangyojin3,c0117_hangyojin3,c0117_hangyojin3.png,SR,風,アタッカー
118,124,半魚人光,hangyojin4,c0118_hangyojin4,c0118_hangyojin4.png,SR,光,ヒーラー
119,125,半魚人闇,hangyojin5,c0119_hangyojin5,c0119_hangyojin5.png,SR,闇,アタッカー
120,121,半魚人火,hangyojin1,c0120_hangyojin1,c0120_hangyojin1.png,SR,火,サポート
121,130,ナイト闇,knight5,c0121_knight5,c0121_knight5.png,SR,闇,タンク
122,126,ナイト火,knight1,c0122_knight1,c0122_knight1.png,SR,火,アタッカー
123,127,ナイト水,knight2,c0123_knight2,c0123_knight2.png,SR,水,サポート
124,128,ナイト風,knight3,c0124_knight3,c0124_knight3.png,SR,風,タンク
125,129,ナイト光,knight4,c0125_knight4,c0125_knight4.png,SR,光,アタッカー
126,133,ウィッチ風,witch3,c0126_witch3,c0126_witch3.png,SR,風,デバッファー
127,131,ウィッチ火,witch1,c0127_witch1,c0127_witch1.png,SR,火,サポート
128,132,ウィッチ水,witch2,c0128_witch2,c0128_witch2.png,SR,水,アタッカー
129,134,ウィッチ光,witch4,c0129_witch4,c0129_witch4.png,SR,光,デバッファー
130,135,ウィッチ闇,witch5,c0130_witch5,c0130_witch5.png,SR,闇,アタッカー
131,138,サイクロプス風,cyclops3,c0131_cyclops3,c0131_cyclops3.png,SR,風,タンク
132,136,サイクロプス火,cyclops1,c0132_cyclops1,c0132_cyclops1.png,SR,火,アタッカー
133,137,サイクロプス水,cyclops2,c0133_cyclops2,c0133_cyclops2.png,SR,水,デバッファー
134,139,サイクロプス光,cyclops4,c0134_cyclops4,c0134_cyclops4.png,SR,光,アタッカー
135,140,サイクロプス闇,cyclops5,c0135_cyclops5,c0135_cyclops5.png,SR,闇,アタッカー
136,141,ロボ火,robo1,c0136_robo1,c0136_robo1.png,SR,火,タンク
137,142,ロボ水,robo2,c0137_robo2,c0137_robo2.png,SR,水,アタッカー
138,143,ロボ風,robo3,c0138_robo3,c0138_robo3.png,SR,風,アタッカー
139,144,ロボ光,robo4,c0139_robo4,c0139_robo4.png,SR,光,アタッカー
140,145,ロボ闇,robo5,c0140_robo5,c0140_robo5.png,SR,闇,タンク
141,184,ミノタウロス火,minotaur1,c0141_minotaur1,c0141_minotaur1.png,UR,火,アタッカー
142,185,ミノタウロス水,minotaur2,c0142_minotaur2,c0142_minotaur2.png,UR,水,タンク
143,186,ミノタウロス風,minotaur3,c0143_minotaur3,c0143_minotaur3.png,UR,風,アタッカー
144,187,ミノタウロス光,minotaur4,c0144_minotaur4,c0144_minotaur4.png,UR,光,アタッカー
145,188,ミノタウロス闇,minotaur5,c0145_minotaur5,c0145_minotaur5.png,UR,闇,デバッファー
146,189,シャーク火,shark1,c0146_shark1,c0146_shark1.png,UR,火,デバッファー
147,190,シャーク水,shark2,c0147_shark2,c0147_shark2.png,UR,水,アタッカー
148,191,シャーク風,shark3,c0148_shark3,c0148_shark3.png,UR,風,サポート
149,192,シャーク光,shark4,c0149_shark4,c0149_shark4.png,UR,光,デバッファー
150,193,シャーク闇,shark5,c0150_shark5,c0150_shark5.png,UR,闇,アタッカー
151,194,ヴァルキリー火,valkyrie1,c0151_valkyrie1,c0151_valkyrie1.png,UR,火,アタッカー
152,195,ヴァルキリー水,valkyrie2,c0152_valkyrie2,c0152_valkyrie2.png,UR,水,ヒーラー
153,196,ヴァルキリー風,valkyrie3,c0153_valkyrie3,c0153_valkyrie3.png,UR,風,サポート
154,197,ヴァルキリー光,valkyrie4,c0154_valkyrie4,c0154_valkyrie4.png,UR,光,アタッカー
155,198,ヴァルキリー闇,valkyrie5,c0155_valkyrie5,c0155_valkyrie5.png,UR,闇,アタッカー
156,199,ビッグアーマー火,bigarmor1,c0156_bigarmor1,c0156_bigarmor1.png,UR,火,タンク
157,200,ビッグアーマー水,bigarmor2,c0157_bigarmor2,c0157_bigarmor2.png,UR,水,アタッカー
158,201,ビッグアーマー風,bigarmor3,c0158_bigarmor3,c0158_bigarmor3.png,UR,風,デバッファー
159,202,ビッグアーマー光,bigarmor4,c0159_bigarmor4,c0159_bigarmor4.png,UR,光,タンク
160,203,ビッグアーマー闇,bigarmor5,c0160_bigarmor5,c0160_bigarmor5.png,UR,闇,アタッカー
161,204,バーサクうさ火,berserkusa1,c0161_berserkusa1,c0161_berserkusa1.png,UR,火,アタッカー
162,205,バーサクうさ水,berserkusa2,c0162_berserkusa2,c0162_berserkusa2.png,UR,水,アタッカー
163,206,バーサクうさ風,berserkusa3,c0163_berserkusa3,c0163_berserkusa3.png,UR,風,アタッカー
164,207,バーサクうさ光,berserkusa4,c0164_berserkusa4,c0164_berserkusa4.png,UR,光,アタッカー
165,208,バーサクうさ闇,berserkusa5,c0165_berserkusa5,c0165_berserkusa5.png,UR,闇,アタッカー
166,209,はかいしん火,hakaishin1,c0166_hakaishin1,c0166_hakaishin1.png,UR,火,デバッファー
167,210,はかいしん水,hakaishin2,c0167_hakaishin2,c0167_hakaishin2.png,UR,水,アタッカー
168,211,はかいしん風,hakaishin3,c0168_hakaishin3,c0168_hakaishin3.png,UR,風,サポート
169,212,はかいしん光,hakaishin4,c0169_hakaishin4,c0169_hakaishin4.png,UR,光,デバッファー
170,213,はかいしん闇,hakaishin5,c0170_hakaishin5,c0170_hakaishin5.png,UR,闇,ヒーラー
171,214,セイリュー火,seiryu1,c0171_seiryu1,c0171_seiryu1.png,UR,火,デバッファー
172,215,セイリュー水,seiryu2,c0172_seiryu2,c0172_seiryu2.png,UR,水,サポート
173,216,セイリュー風,seiryu3,c0173_seiryu3,c0173_seiryu3.png,UR,風,アタッカー
174,217,セイリュー光,seiryu4,c0174_seiryu4,c0174_seiryu4.png,UR,光,アタッカー
175,218,セイリュー闇,seiryu5,c0175_seiryu5,c0175_seiryu5.png,UR,闇,サポート
176,219,ビャッコ火,byakko1,c0176_byakko1,c0176_byakko1.png,UR,火,アタッカー
177,220,ビャッコ水,byakko2,c0177_byakko2,c0177_byakko2.png,UR,水,アタッカー
178,221,ビャッコ風,byakko3,c0178_byakko3,c0178_byakko3.png,UR,風,アタッカー
179,222,ビャッコ光,byakko4,c0179_byakko4,c0179_byakko4.png,UR,光,アタッカー
180,223,ビャッコ闇,byakko5,c0180_byakko5,c0180_byakko5.png,UR,闇,アタッカー
181,224,スザク火,suzaku1,c0181_suzaku1,c0181_suzaku1.png,UR,火,アタッカー
182,225,スザク水,suzaku2,c0182_suzaku2,c0182_suzaku2.png,UR,水,サポート
183,226,スザク風,suzaku3,c0183_suzaku3,c0183_suzaku3.png,UR,風,アタッカー
184,227,スザク光,suzaku4,c0184_suzaku4,c0184_suzaku4.png,UR,光,ヒーラー
185,228,スザク闇,suzaku5,c0185_suzaku5,c0185_suzaku5.png,UR,闇,アタッカー
186,229,ゲンブ火,genbu1,c0186_genbu1,c0186_genbu1.png,UR,火,デバッファー
187,230,ゲンブ水,genbu2,c0187_genbu2,c0187_genbu2.png,UR,水,ヒーラー
188,231,ゲンブ風,genbu3,c0188_genbu3,c0188_genbu3.png,UR,風,サポート
189,232,ゲンブ光,genbu4,c0189_genbu4,c0189_genbu4.png,UR,光,タンク
190,233,ゲンブ闇,genbu5,c0190_genbu5,c0190_genbu5.png,UR,闇,アタッカー
191,234,ドラゴン火,dragon1,c0191_dragon1,c0191_dragon1.png,UR,火,アタッカー
192,235,ドラゴン水,dragon2,c0192_dragon2,c0192_dragon2.png,UR,水,デバッファー
193,236,ドラゴン風,dragon3,c0193_dragon3,c0193_dragon3.png,UR,風,デバッファー
194,237,ドラゴン光,dragon4,c0194_dragon4,c0194_dragon4.png,UR,光,アタッカー
195,238,ドラゴン闇,dragon5,c0195_dragon5,c0195_dragon5.png,UR,闇,アタッカー
196,239,スカルキング火,skullking1,c0196_skullking1,c0196_skullking1.png,UR,火,ヒーラー
197,240,スカルキング水,skullking2,c0197_skullking2,c0197_skullking2.png,UR,水,デバッファー
198,241,スカルキング風,skullking3,c0198_skullking3,c0198_skullking3.png,UR,風,ヒーラー
199,242,スカルキング光,skullking4,c0199_skullking4,c0199_skullking4.png,UR,光,ヒーラー
200,243,スカルキング闇,skullking5,c0200_skullking5,c0200_skullking5.png,UR,闇,デバッファー
201,244,デーモン火,demon1,c0201_demon1,c0201_demon1.png,UR,火,アタッカー
202,245,デーモン水,demon2,c0202_demon2,c0202_demon2.png,UR,水,タンク
203,246,デーモン風,demon3,c0203_demon3,c0203_demon3.png,UR,風,アタッカー
204,247,デーモン光,demon4,c0204_demon4,c0204_demon4.png,UR,光,アタッカー
205,248,デーモン闇,demon5,c0205_demon5,c0205_demon5.png,UR,闇,タンク
206,249,フェアリー火,fairy1,c0206_fairy1,c0206_fairy1.png,UR,火,サポート
207,250,フェアリー水,fairy2,c0207_fairy2,c0207_fairy2.png,UR,水,ヒーラー
208,251,フェアリー風,fairy3,c0208_fairy3,c0208_fairy3.png,UR,風,サポート
209,252,フェアリー光,fairy4,c0209_fairy4,c0209_fairy4.png,UR,光,デバッファー
210,253,フェアリー闇,fairy5,c0210_fairy5,c0210_fairy5.png,UR,闇,デバッファー
211,71,ホネ火,hone1,c0211_hone1,c0211_hone1.png,R,火,ヒーラー
212,72,ホネ水,hone2,c0212_hone2,c0212_hone2.png,R,水,サポート
213,73,ホネ風,hone3,c0213_hone3,c0213_hone3.png,R,風,デバッファー
214,74,ホネ光,hone4,c0214_hone4,c0214_hone4.png,R,光,ヒーラー
215,75,ホネ闇,hone5,c0215_hone5,c0215_hone5.png,R,闇,デバッファー
216,254,スターマン火,starman1,c0216_starman1,c0216_starman1.png,UR,火,アタッカー
217,255,スターマン水,starman2,c0217_starman2,c0217_starman2.png,UR,水,タンク
218,256,スターマン風,starman3,c0218_starman3,c0218_starman3.png,UR,風,アタッカー
219,257,スターマン光,starman4,c0219_starman4,c0219_starman4.png,UR,光,デバッファー
220,258,スターマン闇,starman5,c0220_starman5,c0220_starman5.png,UR,闇,アタッカー
221,259,エイリアン火,alien1,c0221_alien1,c0221_alien1.png,UR,火,ヒーラー
222,260,エイリアン水,alien2,c0222_alien2,c0222_alien2.png,UR,水,サポート
223,261,エイリアン風,alien3,c0223_alien3,c0223_alien3.png,UR,風,サポート
224,262,エイリアン光,alien4,c0224_alien4,c0224_alien4.png,UR,光,アタッカー
225,263,エイリアン闇,alien5,c0225_alien5,c0225_alien5.png,UR,闇,デバッファー
226,264,ランサー火,lancer1,c0226_lancer1,c0226_lancer1.png,UR,火,タンク
227,265,ランサー水,lancer2,c0227_lancer2,c0227_lancer2.png,UR,水,サポート
228,266,ランサー風,lancer3,c0228_lancer3,c0228_lancer3.png,UR,風,アタッカー
229,267,ランサー光,lancer4,c0229_lancer4,c0229_lancer4.png,UR,光,デバッファー
230,268,ランサー闇,lancer5,c0230_lancer5,c0230_lancer5.png,UR,闇,タンク
231,146,バードマン火,birdman1,c0231_birdman1,c0231_birdman1.png,SR,火,デバッファー
232,147,バードマン水,birdman2,c0232_birdman2,c0232_birdman2.png,SR,水,アタッカー
233,148,バードマン風,birdman3,c0233_birdman3,c0233_birdman3.png,SR,風,アタッカー
234,149,バードマン光,birdman4,c0234_birdman4,c0234_birdman4.png,SR,光,アタッカー
235,150,バードマン闇,birdman5,c0235_birdman5,c0235_birdman5.png,SR,闇,サポート
236,269,かぼちゃキング火,kabochaking1,c0236_kabochaking1,c0236_kabochaking1.png,UR,火,ヒーラー
237,270,かぼちゃキング水,kabochaking2,c0237_kabochaking2,c0237_kabochaking2.png,UR,水,デバッファー
238,271,かぼちゃキング風,kabochaking3,c0238_kabochaking3,c0238_kabochaking3.png,UR,風,ヒーラー
239,272,ドラゴンナイト火,dragonknight1,c0239_dragonknight1,c0239_dragonknight1.png,UR,火,アタッカー
240,273,ドラゴンナイト水,dragonknight2,c0240_dragonknight2,c0240_dragonknight2.png,UR,水,アタッカー
241,274,ドラゴンナイト風,dragonknight3,c0241_dragonknight3,c0241_dragonknight3.png,UR,風,アタッカー
242,275,ドラゴンナイト光,dragonknight4,c0242_dragonknight4,c0242_dragonknight4.png,UR,光,サポート
243,276,ドラゴンナイト闇,dragonknight5,c0243_dragonknight5,c0243_dragonknight5.png,UR,闇,アタッカー
244,277,グレートロボ火,greatrobo1,c0244_greatrobo1,c0244_greatrobo1.png,UR,火,アタッカー
245,278,グレートロボ水,greatrobo2,c0245_greatrobo2,c0245_greatrobo2.png,UR,水,アタッカー
246,279,グレートロボ風,greatrobo3,c0246_greatrobo3,c0246_greatrobo3.png,UR,風,デバッファー
247,280,グレートロボ光,greatrobo4,c0247_greatrobo4,c0247_greatrobo4.png,UR,光,サポート
248,281,グレートロボ闇,greatrobo5,c0248_greatrobo5,c0248_greatrobo5.png,UR,闇,デバッファー
249,282,マーメイド火,mermaid1,c0249_mermaid1,c0249_mermaid1.png,UR,火,ヒーラー
250,283,マーメイド水,mermaid2,c0250_mermaid2,c0250_mermaid2.png,UR,水,デバッファー
251,284,マーメイド風,mermaid3,c0251_mermaid3,c0251_mermaid3.png,UR,風,ヒーラー
252,285,マーメイド光,mermaid4,c0252_mermaid4,c0252_mermaid4.png,UR,光,デバッファー
253,286,マーメイド闇,mermaid5,c0253_mermaid5,c0253_mermaid5.png,UR,闇,デバッファー
254,151,スノーマン水,snowman2,c0254_snowman2,c0254_snowman2.png,SR,水,デバッファー
255,287,サンタウィッチ火,santawitch1,c0255_santawitch1,c0255_santawitch1.png,UR,火,ヒーラー
256,288,ウィンターミノ風,wintermino3,c0256_wintermino3,c0256_wintermino3.png,UR,風,タンク
257,289,かみさま火,kamisama1,c0257_kamisama1,c0257_kamisama1.png,UR,火,ヒーラー
258,290,かみさま水,kamisama2,c0258_kamisama2,c0258_kamisama2.png,UR,水,アタッカー
259,291,かみさま風,kamisama3,c0259_kamisama3,c0259_kamisama3.png,UR,風,デバッファー
260,292,かみさま光,kamisama4,c0260_kamisama4,c0260_kamisama4.png,UR,光,サポート
261,293,かみさま闇,kamisama5,c0261_kamisama5,c0261_kamisama5.png,UR,闇,サポート
262,294,どすこいオーク火,dosukoiorc1,c0262_dosukoiorc1,c0262_dosukoiorc1.png,UR,火,アタッカー
263,295,どすこいオーク水,dosukoiorc2,c0263_dosukoiorc2,c0263_dosukoiorc2.png,UR,水,アタッカー
264,296,どすこいオーク風,dosukoiorc3,c0264_dosukoiorc3,c0264_dosukoiorc3.png,UR,風,アタッカー
265,297,ふりそでフェアリー光,furisodefairy4,c0265_furisodefairy4,c0265_furisodefairy4.png,UR,光,ヒーラー
266,298,ふりそでフェアリー闇,furisodefairy5,c0266_furisodefairy5,c0266_furisodefairy5.png,UR,闇,ヒーラー
267,152,もちおとこ光,mochiotoko4,c0267_mochiotoko4,c0267_mochiotoko4.png,SR,光,ヒーラー
268,299,にんじゃ火,ninja1,c0268_ninja1,c0268_ninja1.png,UR,火,アタッカー
269,300,にんじゃ水,ninja2,c0269_ninja2,c0269_ninja2.png,UR,水,アタッカー
270,301,にんじゃ風,ninja3,c0270_ninja3,c0270_ninja3.png,UR,風,アタッカー
271,302,にんじゃ光,ninja4,c0271_ninja4,c0271_ninja4.png,UR,光,アタッカー
272,303,にんじゃ闇,ninja5,c0272_ninja5,c0272_ninja5.png,UR,闇,デバッファー
273,304,カウボーイ火,cowboy1,c0273_cowboy1,c0273_cowboy1.png,UR,火,アタッカー
274,305,カウボーイ水,cowboy2,c0274_cowboy2,c0274_cowboy2.png,UR,水,アタッカー
275,306,カウボーイ風,cowboy3,c0275_cowboy3,c0275_cowboy3.png,UR,風,デバッファー
276,307,カウボーイ光,cowboy4,c0276_cowboy4,c0276_cowboy4.png,UR,光,アタッカー
277,308,カウボーイ闇,cowboy5,c0277_cowboy5,c0277_cowboy5.png,UR,闇,アタッカー
278,309,チョコまどうし風,chocomadoushi3,c0278_chocomadoushi3,c0278_chocomadoushi3.png,UR,風,アタッカー
279,310,とげクイーン火,togequeen1,c0279_togequeen1,c0279_togequeen1.png,UR,火,デバッファー
280,311,とげクイーン水,togequeen2,c0280_togequeen2,c0280_togequeen2.png,UR,水,ヒーラー
281,312,とげクイーン風,togequeen3,c0281_togequeen3,c0281_togequeen3.png,UR,風,アタッカー
282,313,とげクイーン光,togequeen4,c0282_togequeen4,c0282_togequeen4.png,UR,光,アタッカー
283,314,とげクイーン闇,togequeen5,c0283_togequeen5,c0283_togequeen5.png,UR,闇,ヒーラー
284,153,アーチャー火,archer1,c0284_archer1,c0284_archer1.png,SR,火,デバッファー
285,154,アーチャー水,archer2,c0285_archer2,c0285_archer2.png,SR,水,デバッファー
286,155,アーチャー風,archer3,c0286_archer3,c0286_archer3.png,SR,風,デバッファー
287,156,アーチャー光,archer4,c0287_archer4,c0287_archer4.png,SR,光,デバッファー
288,157,アーチャー闇,archer5,c0288_archer5,c0288_archer5.png,SR,闇,デバッファー
289,315,Mr.ムーン火,mrmoon1,c0289_mrmoon1,c0289_mrmoon1.png,UR,火,デバッファー
290,316,Mr.ムーン水,mrmoon2,c0290_mrmoon2,c0290_mrmoon2.png,UR,水,アタッカー
291,317,Mr.ムーン風,mrmoon3,c0291_mrmoon3,c0291_mrmoon3.png,UR,風,ヒーラー
292,318,Mr.ムーン光,mrmoon4,c0292_mrmoon4,c0292_mrmoon4.png,UR,光,デバッファー
293,319,Mr.ムーン闇,mrmoon5,c0293_mrmoon5,c0293_mrmoon5.png,UR,闇,アタッカー
294,320,ブライドヴァルキリー光,bridevalkyrie4,c0294_bridevalkyrie4,c0294_bridevalkyrie4.png,UR,光,タンク
295,321,ブライドヴァルキリー闇,bridevalkyrie5,c0295_bridevalkyrie5,c0295_bridevalkyrie5.png,UR,闇,アタッカー
296,158,てるてるマン火,teruteruman1,c0296_teruteruman1,c0296_teruteruman1.png,SR,火,ヒーラー
297,322,かいぞく火,kaizoku1,c0297_kaizoku1,c0297_kaizoku1.png,UR,火,アタッカー
298,323,かいぞく水,kaizoku2,c0298_kaizoku2,c0298_kaizoku2.png,UR,水,アタッカー
299,324,かいぞく風,kaizoku3,c0299_kaizoku3,c0299_kaizoku3.png,UR,風,アタッカー
300,325,かいぞく光,kaizoku4,c0300_kaizoku4,c0300_kaizoku4.png,UR,光,デバッファー
301,326,かいぞく闇,kaizoku5,c0301_kaizoku5,c0301_kaizoku5.png,UR,闇,アタッカー
302,330,ビーチクイーン火,beachqueen1,c0302_beachqueen1,c0302_beachqueen1.png,UR,火,デバッファー
303,331,ビーチクイーン水,beachqueen2,c0303_beachqueen2,c0303_beachqueen2.png,UR,水,デバッファー
304,332,ビーチクイーン風,beachqueen3,c0304_beachqueen3,c0304_beachqueen3.png,UR,風,アタッカー
305,333,ヴァンパイア火,vampire1,c0305_vampire1,c0305_vampire1.png,UR,火,タンク
306,334,ヴァンパイア水,vampire2,c0306_vampire2,c0306_vampire2.png,UR,水,アタッカー
307,335,ヴァンパイア風,vampire3,c0307_vampire3,c0307_vampire3.png,UR,風,デバッファー
308,159,おばけ闇,obake5,c0308_obake5,c0308_obake5.png,SR,闇,デバッファー
309,336,ヒーロー火,hero1,c0309_hero1,c0309_hero1.png,UR,火,サポート
310,337,ヒーロー水,hero2,c0310_hero2,c0310_hero2.png,UR,水,アタッカー
311,338,ヒーロー風,hero3,c0311_hero3,c0311_hero3.png,UR,風,アタッカー
312,327,サンタマーメイド光,santamermaid4,c0312_santamermaid4,c0312_santamermaid4.png,UR,光,ヒーラー
313,339,サンタうさ火,santausa1,c0313_santausa1,c0313_santausa1.png,UR,火,アタッカー
314,328,みこ光,miko4,c0314_miko4,c0314_miko4.png,UR,光,サポート
315,329,みこ闇,miko5,c0315_miko5,c0315_miko5.png,UR,闇,ヒーラー
316,160,チョコトマトマン風,chocotomato man3,c0316_chocotomato man3,c0316_chocotomato man3.png,SR,風,サポート
317,161,ピエロ火,pierrot1,c0317_pierrot1,c0317_pierrot1.png,SR,火,デバッファー
318,162,ピエロ水,pierrot2,c0318_pierrot2,c0318_pierrot2.png,SR,水,デバッファー
319,163,ピエロ風,pierrot3,c0319_pierrot3,c0319_pierrot3.png,SR,風,デバッファー
320,164,ピエロ光,pierrot4,c0320_pierrot4,c0320_pierrot4.png,SR,光,サポート
321,165,ピエロ闇,pierrot5,c0321_pierrot5,c0321_pierrot5.png,SR,闇,アタッカー
322,340,ビッグキャノン火,bigcannon1,c0322_bigcannon1,c0322_bigcannon1.png,UR,火,アタッカー
323,341,ビッグキャノン水,bigcannon2,c0323_bigcannon2,c0323_bigcannon2.png,UR,水,アタッカー
324,342,ビッグキャノン風,bigcannon3,c0324_bigcannon3,c0324_bigcannon3.png,UR,風,アタッカー
325,343,ビッグキャノン光,bigcannon4,c0325_bigcannon4,c0325_bigcannon4.png,UR,光,デバッファー
326,344,ビッグキャノン闇,bigcannon5,c0326_bigcannon5,c0326_bigcannon5.png,UR,闇,アタッカー
327,345,パンダ火,panda1,c0327_panda1,c0327_panda1.png,UR,火,サポート
328,346,パンダ水,panda2,c0328_panda2,c0328_panda2.png,UR,水,タンク
329,347,パンダ風,panda3,c0329_panda3,c0329_panda3.png,UR,風,タンク
330,348,パンダ光,panda4,c0330_panda4,c0330_panda4.png,UR,光,サポート
331,349,パンダ闇,panda5,c0331_panda5,c0331_panda5.png,UR,闇,デバッファー
332,350,アイスひめ水,icehime2,c0332_icehime2,c0332_icehime2.png,UR,水,デバッファー
333,351,アイスひめ光,icehime4,c0333_icehime4,c0333_icehime4.png,UR,光,デバッファー
334,352,ミノむすめ火,minomusume1,c0334_minomusume1,c0334_minomusume1.png,UR,火,デバッファー
335,353,ミノむすめ水,minomusume2,c0335_minomusume2,c0335_minomusume2.png,UR,水,アタッカー
336,354,ミノむすめ風,minomusume3,c0336_minomusume3,c0336_minomusume3.png,UR,風,サポート
337,166,天使火,tenshi1,c0337_tenshi1,c0337_tenshi1.png,SR,火,ヒーラー
338,167,天使水,tenshi2,c0338_tenshi2,c0338_tenshi2.png,SR,水,タンク
339,168,天使風,tenshi3,c0339_tenshi3,c0339_tenshi3.png,SR,風,ヒーラー
340,169,天使光,tenshi4,c0340_tenshi4,c0340_tenshi4.png,SR,光,タンク
341,170,天使闇,tenshi5,c0341_tenshi5,c0341_tenshi5.png,SR,闇,アタッカー
342,355,ガネーシャ火,ganesha1,c0342_ganesha1,c0342_ganesha1.png,UR,火,アタッカー
343,356,ガネーシャ水,ganesha2,c0343_ganesha2,c0343_ganesha2.png,UR,水,サポート
344,357,ガネーシャ風,ganesha3,c0344_ganesha3,c0344_ganesha3.png,UR,風,サポート
345,358,カラカル火,caracal1,c0345_caracal1,c0345_caracal1.png,UR,火,アタッカー
346,359,アライグマ水,araiguma2,c0346_araiguma2,c0346_araiguma2.png,UR,水,ヒーラー
347,360,サーバル風,serval3,c0347_serval3,c0347_serval3.png,UR,風,アタッカー
348,361,トキ光,toki4,c0348_toki4,c0348_toki4.png,UR,光,デバッファー
349,362,フェネック闇,fennec5,c0349_fennec5,c0349_fennec5.png,UR,闇,サポート
350,363,ベルセルク火,berserk1,c0350_berserk1,c0350_berserk1.png,UR,火,アタッカー
351,364,ベルセルク水,berserk2,c0351_berserk2,c0351_berserk2.png,UR,水,アタッカー
352,365,ベルセルク風,berserk3,c0352_berserk3,c0352_berserk3.png,UR,風,アタッカー
353,366,ホルス火,horus1,c0353_horus1,c0353_horus1.png,UR,火,デバッファー
354,367,ホルス水,horus2,c0354_horus2,c0354_horus2.png,UR,水,サポート
355,368,ホルス風,horus3,c0355_horus3,c0355_horus3.png,UR,風,デバッファー
356,369,エレン火,eren1,c0356_eren1,c0356_eren1.png,UR,火,アタッカー
357,370,ミカサ水,mikasa2,c0357_mikasa2,c0357_mikasa2.png,UR,水,アタッカー
358,371,アルミン風,armin3,c0358_armin3,c0358_armin3.png,UR,風,ヒーラー
359,372,ハンジ光,hanji4,c0359_hanji4,c0359_hanji4.png,UR,光,サポート
360,373,リヴァイ闇,levi5,c0360_levi5,c0360_levi5.png,UR,闇,アタッカー
361,171,無垢の巨人闇,mukunokyojin5,c0361_mukunokyojin5,c0361_mukunokyojin5.png,SR,闇,タンク
362,374,ショクチュウひめ火,shokuchuhime1,c0362_shokuchuhime1,c0362_shokuchuhime1.png,UR,火,アタッカー
363,375,ショクチュウひめ水,shokuchuhime2,c0363_shokuchuhime2,c0363_shokuchuhime2.png,UR,水,ヒーラー
364,376,ショクチュウひめ風,shokuchuhime3,c0364_shokuchuhime3,c0364_shokuchuhime3.png,UR,風,アタッカー
365,377,ショクチュウひめ光,shokuchuhime4,c0365_shokuchuhime4,c0365_shokuchuhime4.png,UR,光,デバッファー
366,378,ショクチュウひめ闇,shokuchuhime5,c0366_shokuchuhime5,c0366_shokuchuhime5.png,UR,闇,サポート
367,379,イルル火,iruru1,c0367_iruru1,c0367_iruru1.png,UR,火,アタッカー
368,380,エルマ水,eruma2,c0368_eruma2,c0368_eruma2.png,UR,水,サポート
369,381,ルコア風,rukoa3,c0369_rukoa3,c0369_rukoa3.png,UR,風,サポート
370,382,カンナ光,kanna4,c0370_kanna4,c0370_kanna4.png,UR,光,ヒーラー
371,383,トール闇,toru5,c0371_toru5,c0371_toru5.png,UR,闇,デバッファー
372,172,ファフニール闇,fafnir5,c0372_fafnir5,c0372_fafnir5.png,SR,闇,デバッファー
373,384,ライオン火,lion1,c0373_lion1,c0373_lion1.png,UR,火,アタッカー
374,385,ギンギツネ水,gingitsune2,c0374_gingitsune2,c0374_gingitsune2.png,UR,水,デバッファー
375,386,キタキツネ風,kitakitsune3,c0375_kitakitsune3,c0375_kitakitsune3.png,UR,風,デバッファー
376,387,アルパカ・スリ光,alpaca4,c0376_alpaca4,c0376_alpaca4.png,UR,光,サポート
377,388,ツチノコ闇,tsuchinoko5,c0377_tsuchinoko5,c0377_tsuchinoko5.png,UR,闇,ヒーラー
378,389,もちつきうさ火,mochitsukiusa1,c0378_mochitsukiusa1,c0378_mochitsukiusa1.png,UR,火,サポート
379,390,もちつきうさ水,mochitsukiusa2,c0379_mochitsukiusa2,c0379_mochitsukiusa2.png,UR,水,サポート
380,391,もちつきうさ風,mochitsukiusa3,c0380_mochitsukiusa3,c0380_mochitsukiusa3.png,UR,風,アタッカー
381,392,ジュンガル火,jungaru1,c0381_jungaru1,c0381_jungaru1.png,UR,火,アタッカー
382,393,ジュンガル水,jungaru2,c0382_jungaru2,c0382_jungaru2.png,UR,水,アタッカー
383,394,ジュンガル風,jungaru3,c0383_jungaru3,c0383_jungaru3.png,UR,風,ヒーラー
384,395,ジュンガル光,jungaru4,c0384_jungaru4,c0384_jungaru4.png,UR,光,サポート
385,396,ジュンガル闇,jungaru5,c0385_jungaru5,c0385_jungaru5.png,UR,闇,アタッカー
386,397,ハローキティ火,hellokitty1,c0386_hellokitty1,c0386_hellokitty1.png,UR,火,アタッカー
387,398,シナモロール水,cinnamoroll2,c0387_cinnamoroll2,c0387_cinnamoroll2.png,UR,水,サポート
388,399,ポチャッコ風,pochacco3,c0388_pochacco3,c0388_pochacco3.png,UR,風,ヒーラー
389,400,ポムポムプリン光,pompompurin4,c0389_pompompurin4,c0389_pompompurin4.png,UR,光,デバッファー
390,401,クロミ闇,kuromi5,c0390_kuromi5,c0390_kuromi5.png,UR,闇,タンク
391,173,ぐでたま光,gudetama4,c0391_gudetama4,c0391_gudetama4.png,SR,光,デバッファー
392,402,マオウのむすこ火,maounomusuko1,c0392_maounomusuko1,c0392_maounomusuko1.png,UR,火,アタッカー
393,403,マオウのむすこ水,maounomusuko2,c0393_maounomusuko2,c0393_maounomusuko2.png,UR,水,サポート
394,404,マオウのむすこ風,maounomusuko3,c0394_maounomusuko3,c0394_maounomusuko3.png,UR,風,サポート
395,174,シャドウ闇,shadow5,c0395_shadow5,c0395_shadow5.png,SR,闇,デバッファー
396,405,龍宮寺堅 火,draken1,c0396_draken1,c0396_draken1.png,UR,火,アタッカー
397,406,三ツ谷隆 水,mitsuya2,c0397_mitsuya2,c0397_mitsuya2.png,UR,水,サポート
398,407,場地圭介 風,baji3,c0398_baji3,c0398_baji3.png,UR,風,サポート
399,408,松野千冬 光,chifuyu4,c0399_chifuyu4,c0399_chifuyu4.png,UR,光,サポート
400,409,佐野万次郎 闇,mikey5,c0400_mikey5,c0400_mikey5.png,UR,闇,アタッカー
401,175,花垣武道 火,takemicchi1,c0401_takemicchi1,c0401_takemicchi1.png,SR,火,タンク
402,410,いねむりクラーケン火,inemurikraken1,c0402_inemurikraken1,c0402_inemurikraken1.png,UR,火,アタッカー
403,411,いねむりクラーケン水,inemurikraken2,c0403_inemurikraken2,c0403_inemurikraken2.png,UR,水,サポート
404,412,いねむりクラーケン風,inemurikraken3,c0404_inemurikraken3,c0404_inemurikraken3.png,UR,風,サポート
405,413,いねむりクラーケン光,inemurikraken4,c0405_inemurikraken4,c0405_inemurikraken4.png,UR,光,ヒーラー
406,414,いねむりクラーケン闇,inemurikraken5,c0406_inemurikraken5,c0406_inemurikraken5.png,UR,闇,デバッファー
407,415,ベルトルト火,bertolt1,c0407_bertolt1,c0407_bertolt1.png,UR,火,アタッカー
408,416,ライナー水,reiner2,c0408_reiner2,c0408_reiner2.png,UR,水,アタッカー
409,417,ジーク風,zeke3,c0409_zeke3,c0409_zeke3.png,UR,風,デバッファー
410,418,エルヴィン光,erwin4,c0410_erwin4,c0410_erwin4.png,UR,光,サポート
411,419,エレン巨人闇,erenkyojin5,c0411_erenkyojin5,c0411_erenkyojin5.png,UR,闇,アタッカー
412,176,サシャ水,sasha2,c0412_sasha2,c0412_sasha2.png,SR,水,サポート
413,420,つららひめ火,tsurarahime1,c0413_tsurarahime1,c0413_tsurarahime1.png,UR,火,アタッカー
414,421,つららひめ水,tsurarahime2,c0414_tsurarahime2,c0414_tsurarahime2.png,UR,水,デバッファー
415,422,つららひめ風,tsurarahime3,c0415_tsurarahime3,c0415_tsurarahime3.png,UR,風,デバッファー
416,423,つららひめ光,tsurarahime4,c0416_tsurarahime4,c0416_tsurarahime4.png,UR,光,サポート
417,424,つららひめ闇,tsurarahime5,c0417_tsurarahime5,c0417_tsurarahime5.png,UR,闇,ヒーラー
418,425,エスカノール火,escanor1,c0418_escanor1,c0418_escanor1.png,UR,火,アタッカー
419,426,バン水,ban2,c0419_ban2,c0419_ban2.png,UR,水,デバッファー
420,427,キング風,king3,c0420_king3,c0420_king3.png,UR,風,デバッファー
421,428,エリザベス光,elizabeth4,c0421_elizabeth4,c0421_elizabeth4.png,UR,光,ヒーラー
422,429,メリオダス闇,meliodas5,c0422_meliodas5,c0422_meliodas5.png,UR,闇,アタッカー
423,177,ディアンヌ水,diane2,c0423_diane2,c0423_diane2.png,SR,水,サポート
424,430,マタタビおうじ火,matatabiouji1,c0424_matatabiouji1,c0424_matatabiouji1.png,UR,火,アタッカー
425,431,マタタビおうじ水,matatabiouji2,c0425_matatabiouji2,c0425_matatabiouji2.png,UR,水,サポート
426,432,マタタビおうじ風,matatabiouji3,c0426_matatabiouji3,c0426_matatabiouji3.png,UR,風,ヒーラー
427,433,マタタビおうじ光,matatabiouji4,c0427_matatabiouji4,c0427_matatabiouji4.png,UR,光,デバッファー
428,434,マタタビおうじ闇,matatabiouji5,c0428_matatabiouji5,c0428_matatabiouji5.png,UR,闇,タンク
429,435,杉下京太郎 水,sugishita2,c0429_sugishita2,c0429_sugishita2.png,UR,水,アタッカー
430,436,梅宮一 風,umemiya3,c0430_umemiya3,c0430_umemiya3.png,UR,風,タンク
431,437,桜遥 光,sakura4,c0431_sakura4,c0431_sakura4.png,UR,光,アタッカー
432,438,蘇枋隼飛 闇,suou5,c0432_suou5,c0432_suou5.png,UR,闇,サポート
433,439,がりゅー火,garyu1,c0433_garyu1,c0433_garyu1.png,UR,火,デバッファー
434,440,がりゅー水,garyu2,c0434_garyu2,c0434_garyu2.png,UR,水,ヒーラー
435,441,がりゅー風,garyu3,c0435_garyu3,c0435_garyu3.png,UR,風,サポート
436,442,ケルヌー火,kerunu1,c0436_kerunu1,c0436_kerunu1.png,UR,火,アタッカー
437,443,ケルヌー水,kerunu2,c0437_kerunu2,c0437_kerunu2.png,UR,水,サポート
438,444,ケルヌー風,kerunu3,c0438_kerunu3,c0438_kerunu3.png,UR,風,サポート
439,445,ケルヌー光,kerunu4,c0439_kerunu4,c0439_kerunu4.png,UR,光,サポート
440,446,ケルヌー闇,kerunu5,c0440_kerunu5,c0440_kerunu5.png,UR,闇,アタッカー
441,447,スライムデュラハン火,slimedullahan1,c0441_slimedullahan1,c0441_slimedullahan1.png,UR,火,アタッカー
442,448,スライムデュラハン水,slimedullahan2,c0442_slimedullahan2,c0442_slimedullahan2.png,UR,水,アタッカー
443,449,スライムデュラハン風,slimedullahan3,c0443_slimedullahan3,c0443_slimedullahan3.png,UR,風,デバッファー
444,450,スライムデュラハン光,slimedullahan4,c0444_slimedullahan4,c0444_slimedullahan4.png,UR,光,サポート
445,451,スライムデュラハン闇,slimedullahan5,c0445_slimedullahan5,c0445_slimedullahan5.png,UR,闇,アタッカー
446,452,イリエル火,yriel1,c0446_yriel1,c0446_yriel1.png,UR,火,デバッファー
447,453,イリエル水,yriel2,c0447_yriel2,c0447_yriel2.png,UR,水,デバッファー
448,454,イリエル風,yriel3,c0448_yriel3,c0448_yriel3.png,UR,風,デバッファー
449,178,ピーマン火,piman1,c0449_piman1,c0449_piman1.png,SR,火,デバッファー
450,179,ピーマン水,piman2,c0450_piman2,c0450_piman2.png,SR,水,サポート
451,180,ピーマン風,piman3,c0451_piman3,c0451_piman3.png,SR,風,サポート
452,181,ピーマン光,piman4,c0452_piman4,c0452_piman4.png,SR,光,サポート
453,182,ピーマン闇,piman5,c0453_piman5,c0453_piman5.png,SR,闇,デバッファー
454,455,中野五月 火,itsuki1,c0454_itsuki1,c0454_itsuki1.png,UR,火,アタッカー
455,456,中野三玖 水,miku2,c0455_miku2,c0455_miku2.png,UR,水,アタッカー
456,457,中野四葉 風,yotsuba3,c0456_yotsuba3,c0456_yotsuba3.png,UR,風,デバッファー
457,458,中野一花 光,ichika4,c0457_ichika4,c0457_ichika4.png,UR,光,デバッファー
458,459,中野二乃 闇,nino5,c0458_nino5,c0458_nino5.png,UR,闇,サポート
459,183,上杉風太郎 風,fuutarou3,c0459_fuutarou3,c0459_fuutarou3.png,SR,風,サポート